First Name,Last Name,Content,Category,Date,Time,Likes
John,Smith,This is a test post,Gaming,1/26/2023,5:30 PM,20
Jane,Doe,This is another test post,Art,1/21/2023,4:15 PM,10
Jack,Jones,Lorem ipsum dolor sit amet,Music,1/12/2023,4:00 PM,5
Julia,Williams,Consectetur adipiscing elit,Art,1/9/2023,3:45 PM,15
James,Brown,Sed do eiusmod tempor incididunt,Movies,1/8/2023,3:45 PM,25
Jill,Johnson,Ut labore et dolore magna aliqua,Travel,1/7/2023,3:30 PM,35
Jake,Miller,Ut enim ad minim veniam,Food,1/5/2023,3:30 PM,45
Jenna,Davis,Quis nostrud exercitation ullamco,Cars,1/3/2023,3:15 PM,55
John,Smith,This is a test post,Gaming,1/3/2023,3:15 PM,20
Jane,Doe,This is another test post,Art,1/2/2023,3:00 PM,10
Jack,Jones,Lorem ipsum dolor sit amet,Music,1/1/2023,3:00 PM,5
Julia,Williams,Consectetur adipiscing elit,Art,12/15/2022,2:45 PM,15
James,Brown,Sed do eiusmod tempor incididunt,Movies,12/7/2022,2:45 PM,25
Jill,Johnson,Ut labore et dolore magna aliqua,Travel,12/6/2022,2:30 PM,35
Jake,Miller,Ut enim ad minim veniam,Food,12/5/2022,2:30 PM,45
Jenna,Davis,Quis nostrud exercitation ullamco,Cars,12/4/2022,2:15 PM,55
Jenna,Wilson,Laboris nisi ut aliquip ex ea commodo,Cars,12/3/2022,2:15 PM,45
John,Adams,Duis aute irure dolor in reprehenderit,Gaming,12/2/2022,2:00 PM,20
Jane,Taylor,Esse cillum dolore eu fugiat nulla,Art,12/1/2022,2:00 PM,10